Peptide Sequence	Modified Sequence	Prev AA	Next AA	Peptide Length	M/Z	Charge	Observed Mass	Probability	Expectation	Spectral Count	Intensity	Assigned Modifications	Observed Modifications	Protein	Protein ID	Entry Name	Gene	Protein Description	Mapped Genes	Mapped Proteins
AALTGLLHR		R	T	9	476.2903	2	950.5661	0.9985	0.01011580000000	1	0.0000			sp|P55084|ECHB_HUMAN		ECHB_HUMAN	HADHB	Trifunctional enzyme subunit beta, mitochondrial		
AGGFVVGYTSSGNPIFR		K	N	17	864.9387	2	1727.8630	1.0000	0.00006831245000	1	0.0000			sp|Q9HAV4|XPO5_HUMAN		XPO5_HUMAN	XPO5	Exportin-5		
AGIAHLYGIAGSTNVTGDQVK		K	K	21	691.3638	3	2071.0698	1.0000	0.00002665323000	2	0.0000			sp|P09467|F16P1_HUMAN		F16P1_HUMAN	FBP1	Fructose-1,6-bisphosphatase 1		
AHLGALLAR		R	Y	9	461.2850	2	920.5555	1.0000	0.00018838720000	1	0.0000			sp|P06307|CCKN_HUMAN		CCKN_HUMAN	CCK	Cholecystokinin		
ALLTGLLDLQAR		K	Y	12	642.3876	2	1282.7607	1.0000	0.00085260890000	1	0.0000			sp|P80404|GABT_HUMAN		GABT_HUMAN	ABAT	4-aminobutyrate aminotransferase, mitochondrial		
ALQSVGQIVGEVLK		K	Q	14	720.9246	2	1439.8347	1.0000	0.00002103178000	1	0.0000			sp|P62333|PRS10_HUMAN		PRS10_HUMAN	PSMC6	26S proteasome regulatory subunit 10B		
AQIHDLVLVGGSTR		K	I	14	733.4096	2	1464.8048	0.9994	0.00720692400000	1	0.0000			sp|P0DMV8|HS71A_HUMAN		HS71A_HUMAN	HSPA1A	Heat shock 70 kDa protein 1A	HSPA1B	sp|P0DMV9|HS71B_HUMAN
AQYEDIANR		K	S	9	540.2594	2	1078.5043	0.9921	0.02321400000000	1	0.0000			sp|P05787|K2C8_HUMAN		K2C8_HUMAN	KRT8	Keratin, type II cytoskeletal 8	KRT75	sp|O95678|K2C75_HUMAN
AVVGYSGNGR		K	A	10	490.2514	2	978.4883	0.9629	0.05956086000000	1	0.0000			sp|Q96KV7|WDR90_HUMAN		WDR90_HUMAN	WDR90	WD repeat-containing protein 90		
AVVTGLVHK		R	W	9	462.2872	2	922.5600	0.9996	0.00606250600000	1	0.0000			sp|Q4G176|ACSF3_HUMAN		ACSF3_HUMAN	ACSF3	Malonate--CoA ligase ACSF3, mitochondrial		
DMIILPEMVGSMVGVYNGK	DM[147]IILPEM[147]VGSM[147]VGVYNGK	R	T	19	1051.0042	2	2099.9940	0.9991	0.00500610700000	2	0.0000	12M(15.9949), 2M(15.9949), 8M(15.9949)		sp|P62841|RS15_HUMAN		RS15_HUMAN	RPS15	40S ribosomal protein S15		
DNIQGITKPAIR		R	R	12	663.3803	2	1324.7462	1.0000	0.00151705100000	1	0.0000			sp|P62805|H4_HUMAN		H4_HUMAN	H4C1	Histone H4		
EITALAPSTMK	EITALAPSTM[147]K	K	I	11	589.3102	2	1176.6060	1.0000	0.00132168300000	1	0.0000	10M(15.9949)		sp|P60709|ACTB_HUMAN		ACTB_HUMAN	ACTB	Actin, cytoplasmic 1	ACTA1,ACTA2,ACTC1,ACTG1,ACTG2	sp|P62736|ACTA_HUMAN,sp|P63261|ACTG_HUMAN,sp|P63267|ACTH_HUMAN,sp|P68032|ACTC_HUMAN,sp|P68133|ACTS_HUMAN
ESYSVYVYK		K	V	9	569.2767	2	1136.5390	0.9892	0.02173952000000	1	0.0000			sp|O60814|H2B1K_HUMAN		H2B1K_HUMAN	H2BC12	Histone H2B type 1-K	H2BC13,H2BC14,H2BC15,H2BC4,H2BFS,HIST1H2BD,HIST1H2BH,HIST2H2BF	sp|P57053|H2BFS_HUMAN,sp|P58876|H2B1D_HUMAN,sp|P62807|H2B1C_HUMAN,sp|Q5QNW6|H2B2F_HUMAN,sp|Q93079|H2B1H_HUMAN,sp|Q99877|H2B1N_HUMAN,sp|Q99879|H2B1M_HUMAN,sp|Q99880|H2B1L_HUMAN
FASFIDK		K	V	7	414.2185	2	826.4225	0.9837	0.04852886000000	1	0.0000			sp|P05787|K2C8_HUMAN		K2C8_HUMAN	KRT8	Keratin, type II cytoskeletal 8	KRT1,KRT2,KRT3,KRT4,KRT5,KRT6A,KRT6B,KRT6C,KRT7,KRT71,KRT72,KRT73,KRT74,KRT75,KRT76,KRT77,KRT78,KRT79,KRT84	Contaminant_K22E_HUMAN,Contaminant_K2C1_HUMAN,sp|O95678|K2C75_HUMAN,sp|P02538|K2C6A_HUMAN,sp|P04259|K2C6B_HUMAN,sp|P04264|K2C1_HUMAN,sp|P08729|K2C7_HUMAN,sp|P12035|K2C3_HUMAN,sp|P13647|K2C5_HUMAN,sp|P19013|K2C4_HUMAN,sp|P35908|K22E_HUMAN,sp|P48668|K2C6C_HUMAN,sp|Q01546|K22O_HUMAN,sp|Q14CN4|K2C72_HUMAN,sp|Q3SY84|K2C71_HUMAN,sp|Q5XKE5|K2C79_HUMAN,sp|Q7RTS7|K2C74_HUMAN,sp|Q7Z794|K2C1B_HUMAN,sp|Q86Y46|K2C73_HUMAN,sp|Q8N1N4|K2C78_HUMAN,sp|Q9NSB2|KRT84_HUMAN
FAVGIVIGR		R	N	9	466.2898	2	930.5651	1.0000	0.00001583802000	1	0.0000			sp|Q96AE4|FUBP1_HUMAN		FUBP1_HUMAN	FUBP1	Far upstream element-binding protein 1	FUBP3	sp|Q96I24|FUBP3_HUMAN
FGPGVAFR		R	A	8	425.7321	2	849.4497	0.9971	0.01480812000000	1	0.0000			sp|P08727|K1C19_HUMAN		K1C19_HUMAN	KRT19	Keratin, type I cytoskeletal 19		
GGGGNFGPGPGSNFR		R	G	15	689.3183	2	1376.6221	0.9938	0.00865466200000	1	0.0000			sp|P22626|ROA2_HUMAN		ROA2_HUMAN	HNRNPA2B1	Heterogeneous nuclear ribonucleoproteins A2/B1		
GGIVGMTLPIAR	GGIVGM[147]TLPIAR	K	D	12	600.8420	2	1199.6696	0.9991	0.00824113600000	1	0.0000	6M(15.9949)		sp|Q99714|HCD2_HUMAN		HCD2_HUMAN	HSD17B10	3-hydroxyacyl-CoA dehydrogenase type-2		
GGYVLHIGTIYGDLK		R	V	15	803.4353	2	1604.8562	1.0000	0.00046505040000	1	0.0000			sp|P49588|SYAC_HUMAN		SYAC_HUMAN	AARS	Alanine--tRNA ligase, cytoplasmic		
GLSSLLYGSIPK		R	A	12	617.8556	2	1233.6968	1.0000	0.00000492063900	1	0.0000			sp|P53007|TXTP_HUMAN		TXTP_HUMAN	SLC25A1	Tricarboxylate transport protein, mitochondrial		
GYSFTTTAER		R	E	10	566.7670	2	1131.5195	1.0000	0.00165101100000	1	0.0000			sp|P60709|ACTB_HUMAN		ACTB_HUMAN	ACTB	Actin, cytoplasmic 1	ACTG1	sp|P63261|ACTG_HUMAN
HFNLLSSK		K	G	8	473.2612	2	944.5079	1.0000	0.00000554988500	1	0.0000			sp|Q9BUP3|HTAI2_HUMAN		HTAI2_HUMAN	HTATIP2	Oxidoreductase HTATIP2		
HFVALSTNTTK		K	V	11	609.8274	2	1217.6404	1.0000	0.00000000000197	1	0.0000			sp|P06744|G6PI_HUMAN		G6PI_HUMAN	GPI	Glucose-6-phosphate isomerase		
HFYSLVK		K	Q	7	447.2476	2	892.4806	0.9681	0.07099862000000	1	0.0000			sp|Q96HY7|DHTK1_HUMAN		DHTK1_HUMAN	DHTKD1	Probable 2-oxoglutarate dehydrogenase E1 component DHKTD1, mitochondrial		
HGLINFGIYK		R	R	10	581.3243	2	1160.6342	1.0000	0.00140876600000	1	0.0000			sp|O60341|KDM1A_HUMAN		KDM1A_HUMAN	KDM1A	Lysine-specific histone demethylase 1A		
HGLYLPTR		K	V	8	478.7692	2	955.5239	1.0000	0.00000853903800	1	0.0000			sp|P49327|FAS_HUMAN		FAS_HUMAN	FASN	Fatty acid synthase		
HGSLGFLPR		R	K	9	492.2746	2	982.5348	1.0000	0.00061557100000	1	0.0000			sp|P39023|RL3_HUMAN		RL3_HUMAN	RPL3	60S ribosomal protein L3		
HGVYNPNK		K	I	8	464.7353	2	927.4562	0.9721	0.07349369000000	1	0.0000			sp|P40926|MDHM_HUMAN		MDHM_HUMAN	MDH2	Malate dehydrogenase, mitochondrial		
HIANYISGIQTIGHR		K	V	15	560.6373	3	1678.8903	1.0000	0.00026016560000	1	0.0000			sp|Q15393|SF3B3_HUMAN		SF3B3_HUMAN	SF3B3	Splicing factor 3B subunit 3		
HILANFK		K	N	7	421.7477	2	841.4810	0.9996	0.00623272200000	1	0.0000			sp|P13693|TCTP_HUMAN		TCTP_HUMAN	TPT1	Translationally-controlled tumor protein		sp|Q56UQ5|TPT1L_HUMAN
HITGSYK		K	V	7	403.2137	2	804.4130	0.9578	0.01067856000000	1	0.0000			sp|Q15046|SYK_HUMAN		SYK_HUMAN	KARS1	Lysine--tRNA ligase		
HITIFSPEGR		R	L	10	578.8090	2	1155.6035	0.9683	0.08155771000000	1	0.0000			sp|P60900|PSA6_HUMAN		PSA6_HUMAN	PSMA6	Proteasome subunit alpha type-6		
HIYYITGETK		K	D	10	612.8165	2	1223.6185	0.9962	0.01749375000000	1	0.0000			sp|P07900|HS90A_HUMAN		HS90A_HUMAN	HSP90AA1	Heat shock protein HSP 90-alpha	HSP90AA5P	sp|Q58FG0|HS905_HUMAN
HIYYITGETK		K	D	10	408.8801	3	1223.6185	1.0000	0.00347944600000	1	0.0000			sp|P07900|HS90A_HUMAN		HS90A_HUMAN	HSP90AA1	Heat shock protein HSP 90-alpha	HSP90AA5P	sp|Q58FG0|HS905_HUMAN
HLIPAANTGESK		K	V	12	619.3303	2	1236.6461	0.9951	0.02065380000000	1	0.0000			sp|P62258|1433E_HUMAN		1433E_HUMAN	YWHAE	14-3-3 protein epsilon		
HLIVLINK		K	M	8	475.3132	2	948.6120	0.9823	0.05152285000000	1	0.0000			sp|P15170|ERF3A_HUMAN		ERF3A_HUMAN	GSPT1	Eukaryotic peptide chain release factor GTP-binding subunit ERF3A	GSPT2	sp|Q8IYD1|ERF3B_HUMAN
HLLIGVSSDR		K	G	10	548.8090	2	1095.6035	0.9946	0.02191544000000	1	0.0000			sp|P36542|ATPG_HUMAN		ATPG_HUMAN	ATP5F1C	ATP synthase subunit gamma, mitochondrial		
HLQLAIR		R	N	7	425.7664	2	849.5184	0.9939	0.02031188000000	1	0.0000			sp|P04908|H2A1B_HUMAN		H2A1B_HUMAN	H2AC4	Histone H2A type 1-B/E	H2AC11,H2AC14,H2AC7,H2AFJ,H2AFV,H2AFX,H2AZ1,HIST1H2AA,HIST1H2AC,HIST1H2AH,HIST2H2AA3,HIST2H2AC,HIST3H2A	sp|P0C0S5|H2AZ_HUMAN,sp|P0C0S8|H2A1_HUMAN,sp|P16104|H2AX_HUMAN,sp|P20671|H2A1D_HUMAN,sp|Q16777|H2A2C_HUMAN,sp|Q6FI13|H2A2A_HUMAN,sp|Q71UI9|H2AV_HUMAN,sp|Q7L7L0|H2A3_HUMAN,sp|Q93077|H2A1C_HUMAN,sp|Q96KK5|H2A1H_HUMAN,sp|Q96QV6|H2A1A_HUMAN,sp|Q99878|H2A1J_HUMAN,sp|Q9BTM1|H2AJ_HUMAN
HLQLAVR		R	N	7	418.7586	2	835.5028	1.0000	0.00181447100000	1	0.0000			sp|Q8IUE6|H2A2B_HUMAN		H2A2B_HUMAN	HIST2H2AB	Histone H2A type 2-B		
HLSPDGQYVPR		K	I	11	423.5509	3	1267.6309	1.0000	0.00109525400000	1	0.0000			sp|O95994|AGR2_HUMAN		AGR2_HUMAN	AGR2	Anterior gradient protein 2 homolog		
HLTDAYFK		K	K	8	497.7532	2	993.4919	1.0000	0.00021714770000	1	0.0000			sp|Q02878|RL6_HUMAN		RL6_HUMAN	RPL6	60S ribosomal protein L6		
HPQLLYESK		R	L	9	557.7981	2	1113.5818	1.0000	0.00007642707000	1	0.0000			sp|P48729|KC1A_HUMAN		KC1A_HUMAN	CSNK1A1	Casein kinase I isoform alpha	CSNK1A1L	sp|Q8N752|KC1AL_HUMAN
HQGVMVGMGQK	HQGVM[147]VGM[147]GQK	R	D	11	401.8584	3	1202.5535	1.0000	0.00002765715000	1	0.0000	5M(15.9949), 8M(15.9949)		sp|P60709|ACTB_HUMAN		ACTB_HUMAN	ACTB	Actin, cytoplasmic 1	ACTA1,ACTA2,ACTBL2,ACTC1,ACTG1,ACTG2	sp|P62736|ACTA_HUMAN,sp|P63261|ACTG_HUMAN,sp|P63267|ACTH_HUMAN,sp|P68032|ACTC_HUMAN,sp|P68133|ACTS_HUMAN,sp|Q562R1|ACTBL_HUMAN
HQGVMVGMGQK	HQGVM[147]VGM[147]GQK	R	D	11	602.2840	2	1202.5535	1.0000	0.00000000547114	1	0.0000	5M(15.9949), 8M(15.9949)		sp|P60709|ACTB_HUMAN		ACTB_HUMAN	ACTB	Actin, cytoplasmic 1	ACTA1,ACTA2,ACTBL2,ACTC1,ACTG1,ACTG2	sp|P62736|ACTA_HUMAN,sp|P63261|ACTG_HUMAN,sp|P63267|ACTH_HUMAN,sp|P68032|ACTC_HUMAN,sp|P68133|ACTS_HUMAN,sp|Q562R1|ACTBL_HUMAN
HQPTAIIAK		K	T	9	489.7901	2	977.5658	1.0000	0.00145048400000	1	0.0000			sp|P29401|TKT_HUMAN		TKT_HUMAN	TKT	Transketolase		
HQSFVLVGETGSGK		R	T	14	723.3727	2	1444.7310	0.9947	0.02165209000000	1	0.0000			sp|O43143|DHX15_HUMAN		DHX15_HUMAN	DHX15	Pre-mRNA-splicing factor ATP-dependent RNA helicase DHX15		
HQTLQGVAFPISR		K	E	13	727.3991	2	1452.7837	1.0000	0.00249172500000	1	0.0000			sp|Q12792|TWF1_HUMAN		TWF1_HUMAN	TWF1	Twinfilin-1		
HSEVQQANLK		K	A	10	577.3015	2	1152.5886	0.9956	0.00348259100000	1	0.0000			sp|P35606|COPB2_HUMAN		COPB2_HUMAN	COPB2	Coatomer subunit beta'		
HSVGVVIGR		R	S	9	462.2747	2	922.5349	1.0000	0.00190321300000	1	0.0000			sp|Q92945|FUBP2_HUMAN		FUBP2_HUMAN	KHSRP	Far upstream element-binding protein 2		
HTFGLVQSK		R	L	9	508.7797	2	1015.5450	1.0000	0.00000092111970	1	0.0000			sp|Q6UW68|TM205_HUMAN		TM205_HUMAN	TMEM205	Transmembrane protein 205		
HVFGQPVK		R	N	8	456.2584	2	910.5024	1.0000	0.00318624300000	1	0.0000			sp|Q9BR76|COR1B_HUMAN		COR1B_HUMAN	CORO1B	Coronin-1B		
HVLVTLGEK		R	M	9	498.2978	2	994.5811	1.0000	0.00000040806980	1	0.0000			sp|P60660|MYL6_HUMAN		MYL6_HUMAN	MYL6	Myosin light polypeptide 6		
HVQGILR		R	G	7	411.7508	2	821.4871	0.9925	0.02774917000000	1	0.0000			sp|A8MWD9|RUXGL_HUMAN		RUXGL_HUMAN	SNRPGP15	Putative small nuclear ribonucleoprotein G-like protein 15	SNRPG	sp|P62308|RUXG_HUMAN
HWGGNVLGPK		R	S	10	532.7854	2	1063.5563	1.0000	0.00128714800000	1	0.0000			sp|P62424|RL7A_HUMAN		RL7A_HUMAN	RPL7A	60S ribosomal protein L7a		
HYGGLTGLNK		R	A	10	530.2826	2	1058.5508	1.0000	0.00000553974200	1	0.0000			sp|P15259|PGAM2_HUMAN		PGAM2_HUMAN	PGAM2	Phosphoglycerate mutase 2	PGAM1,PGAM4	sp|P18669|PGAM1_HUMAN,sp|Q8N0Y7|PGAM4_HUMAN
HYIFNPR		R	K	7	473.7483	2	945.4821	0.9879	0.03906159000000	1	0.0000			sp|Q9NYU2|UGGG1_HUMAN		UGGG1_HUMAN	UGGT1	UDP-glucose:glycoprotein glucosyltransferase 1		
HYLFDVQR		R	N	8	539.2774	2	1076.5403	1.0000	0.00000727571000	1	0.0000			sp|P24539|AT5F1_HUMAN		AT5F1_HUMAN	ATP5PB	ATP synthase F(0) complex subunit B1, mitochondrial		
HYVYGPLPQSFDK		K	E	13	775.8855	2	1549.7565	0.9999	0.00401097600000	1	0.0000			sp|P13073|COX41_HUMAN		COX41_HUMAN	COX4I1	Cytochrome c oxidase subunit 4 isoform 1, mitochondrial		
HYVYSTLTR		K	N	9	570.2957	2	1138.5770	0.9964	0.01674943000000	1	0.0000			sp|Q5T0W9|FA83B_HUMAN		FA83B_HUMAN	FAM83B	Protein FAM83B		
IFGLLMGTLQK	IFGLLM[147]GTLQK	R	F	11	618.8546	2	1235.6947	1.0000	0.00000001802485	2	0.0000	6M(15.9949)		sp|Q9H307|PININ_HUMAN		PININ_HUMAN	PNN	Pinin		
IILDLISESPIK		K	G	12	670.9053	2	1339.7961	1.0000	0.00000749056900	1	0.0000			sp|P61978|HNRPK_HUMAN		HNRPK_HUMAN	HNRNPK	Heterogeneous nuclear ribonucleoprotein K		
ILIVGGGVAGLASAGAAK		K	S	18	762.9589	2	1523.9034	1.0000	0.00002098940000	1	0.0000			sp|Q13423|NNTM_HUMAN		NNTM_HUMAN	NNT	NAD(P) transhydrogenase, mitochondrial		
IMFVDPSLTVR	IM[147]FVDPSLTVR	R	A	11	647.3471	2	1292.6797	0.9953	0.00724372100000	2	0.0000	2M(15.9949)		sp|O95994|AGR2_HUMAN		AGR2_HUMAN	AGR2	Anterior gradient protein 2 homolog	AGR3	sp|Q8TD06|AGR3_HUMAN
ISSSSFSR		R	V	8	435.7194	2	869.4243	0.9996	0.00567129500000	1	0.0000			sp|P05787|K2C8_HUMAN		K2C8_HUMAN	KRT8	Keratin, type II cytoskeletal 8		
ISVYYNEATGGK		R	Y	12	651.3222	2	1300.6299	0.9974	0.01374042000000	1	0.0000			sp|P07437|TBB5_HUMAN		TBB5_HUMAN	TUBB	Tubulin beta chain		
IVLQIDNAR		R	L	9	521.3061	2	1040.5978	0.9985	0.01034546000000	1	0.0000			sp|P08727|K1C19_HUMAN		K1C19_HUMAN	KRT19	Keratin, type I cytoskeletal 19	KRT18	sp|P05783|K1C18_HUMAN
KDLYANTVLSGGTTMYPGIADR	KDLYANTVLSGGTTM[147]YPGIADR	R	M	22	787.0580	3	2358.1523	1.0000	0.00000000000000	2	0.0000	15M(15.9949)		sp|P60709|ACTB_HUMAN		ACTB_HUMAN	ACTB	Actin, cytoplasmic 1	ACTG1	sp|P63261|ACTG_HUMAN
KLLEGEESR		R	L	9	530.7852	2	1059.5559	1.0000	0.00053350210000	1	0.0000			sp|P05787|K2C8_HUMAN		K2C8_HUMAN	KRT8	Keratin, type II cytoskeletal 8	DES,KRT7,PRPH,VIM	sp|P08670|VIME_HUMAN,sp|P08729|K2C7_HUMAN,sp|P17661|DESM_HUMAN,sp|P41219|PERI_HUMAN
KQSLGELIGTLNAAK		R	V	15	514.9664	3	1541.8776	1.0000	0.00000768316800	1	0.0000			sp|P60174|TPIS_HUMAN		TPIS_HUMAN	TPI1	Triosephosphate isomerase		
LASYLDR		R	V	7	419.2268	2	836.4392	0.9569	0.10702860000000	1	0.0000			sp|P05783|K1C18_HUMAN		K1C18_HUMAN	KRT18	Keratin, type I cytoskeletal 18		XXX_sp|Q9H3G5|CPVL_HUMAN
LEAEIATYR		K	R	9	533.2823	2	1064.5502	0.9983	0.01084553000000	1	0.0000			sp|P05783|K1C18_HUMAN		K1C18_HUMAN	KRT18	Keratin, type I cytoskeletal 18		
LESGMQNMSIHTK	LESGM[147]QNM[147]SIHTK	R	T	13	503.2341	3	1506.6805	1.0000	0.00107605300000	1	0.0000	5M(15.9949), 8M(15.9949)		sp|P05787|K2C8_HUMAN		K2C8_HUMAN	KRT8	Keratin, type II cytoskeletal 8		
LESGMQNMSIHTK	LESGM[147]QNM[147]SIHTK	R	T	13	754.3475	2	1506.6805	0.9986	0.00992544300000	1	0.0000	5M(15.9949), 8M(15.9949)		sp|P05787|K2C8_HUMAN		K2C8_HUMAN	KRT8	Keratin, type II cytoskeletal 8		
LGFVAGVINR		R	E	10	523.3112	2	1044.6079	1.0000	0.00000583459400	1	0.0000			sp|Q93050|VPP1_HUMAN		VPP1_HUMAN	ATP6V0A1	V-type proton ATPase 116 kDa subunit a isoform 1		
LGFVSGLINQGK		K	V	12	616.8534	2	1231.6924	1.0000	0.00026161960000	1	0.0000			sp|Q9Y487|VPP2_HUMAN		VPP2_HUMAN	ATP6V0A2	V-type proton ATPase 116 kDa subunit a isoform 2		
LLIHQSLAGGIIGVK		R	G	15	759.9718	2	1517.9292	1.0000	0.00048809000000	2	0.0000			sp|P61978|HNRPK_HUMAN		HNRPK_HUMAN	HNRNPK	Heterogeneous nuclear ribonucleoprotein K		
LLLPGELAK		R	H	9	477.3050	2	952.5956	0.9863	0.04283020000000	1	0.0000			sp|O60814|H2B1K_HUMAN		H2B1K_HUMAN	H2BC12	Histone H2B type 1-K	H2BC1,H2BC11,H2BC13,H2BC14,H2BC15,H2BC4,H2BFS,HIST1H2BB,HIST1H2BD,HIST1H2BH,HIST1H2BO,HIST2H2BE,HIST2H2BF,HIST3H2BB	sp|P06899|H2B1J_HUMAN,sp|P23527|H2B1O_HUMAN,sp|P33778|H2B1B_HUMAN,sp|P57053|H2BFS_HUMAN,sp|P58876|H2B1D_HUMAN,sp|P62807|H2B1C_HUMAN,sp|Q16778|H2B2E_HUMAN,sp|Q5QNW6|H2B2F_HUMAN,sp|Q8N257|H2B3B_HUMAN,sp|Q93079|H2B1H_HUMAN,sp|Q96A08|H2B1A_HUMAN,sp|Q99877|H2B1N_HUMAN,sp|Q99879|H2B1M_HUMAN,sp|Q99880|H2B1L_HUMAN
LMGSILGVR	LM[147]GSILGVR	R	R	9	481.2785	2	960.5426	1.0000	0.00163876000000	1	0.0000	2M(15.9949)		sp|Q15643|TRIPB_HUMAN		TRIPB_HUMAN	TRIP11	Thyroid receptor-interacting protein 11		
LMSALLSGLTDR	LM[147]SALLSGLTDR	K	N	12	646.8474	2	1291.6804	1.0000	0.00030011470000	2	0.0000	2M(15.9949)		sp|Q5VYK3|ECM29_HUMAN		ECM29_HUMAN	ECPAS	Proteasome adapter and scaffold protein ECM29		
LNITSLQFKR		K	S	10	610.3614	2	1218.7084	0.9615	0.09677205000000	1	0.0000			sp|Q3B726|RPA43_HUMAN		RPA43_HUMAN	TWISTNB	DNA-directed RNA polymerase I subunit RPA43		
LSELEAALQR		K	A	10	565.3141	2	1128.6138	1.0000	0.00002080619000	1	0.0000			sp|P05787|K2C8_HUMAN		K2C8_HUMAN	KRT8	Keratin, type II cytoskeletal 8		
LVIITAGAR		K	Q	9	457.2950	2	912.5756	0.9928	0.02710750000000	1	0.0000			sp|P00338|LDHA_HUMAN		LDHA_HUMAN	LDHA	L-lactate dehydrogenase A chain	LDHAL6A,LDHAL6B	sp|Q6ZMR3|LDH6A_HUMAN,sp|Q9BYZ2|LDH6B_HUMAN
LVINGNPITIFQER		K	D	14	807.4540	2	1612.8936	1.0000	0.00010375280000	1	0.0000			sp|P04406|G3P_HUMAN		G3P_HUMAN	GAPDH	Glyceraldehyde-3-phosphate dehydrogenase		
MGVITVSGLAGLVSAR	M[147]GVITVSGLAGLVSAR	K	K	16	773.9346	2	1545.8547	1.0000	0.00000973868000	1	0.0000	1M(15.9949)		sp|Q6UXV4|MIC27_HUMAN		MIC27_HUMAN	APOOL	MIC		
MSGLIVGSAFGPIK	M[147]SGLIVGSAFGPIK	K	I	14	696.8813	2	1391.7482	1.0000	0.00000773125200	1	0.0000	1M(15.9949)		sp|Q9UKN8|TF3C4_HUMAN		TF3C4_HUMAN	GTF3C4	General transcription factor 3C polypeptide 4		
MVGFIIGR	M[147]VGFIIGR	G	G	8	454.7547	2	907.4949	1.0000	0.00000513481000	1	0.0000	1M(15.9949)		sp|Q96AE4|FUBP1_HUMAN		FUBP1_HUMAN	FUBP1	Far upstream element-binding protein 1	FUBP3	sp|Q96I24|FUBP3_HUMAN
PVSSAASVYAGAGGSGSR		R	I	18	790.8867	2	1579.7589	1.0000	0.00002837919000	1	0.0000			sp|P05783|K1C18_HUMAN		K1C18_HUMAN	KRT18	Keratin, type I cytoskeletal 18		
PVVSFIAGLTAPPGR		K	R	15	741.4273	2	1480.8401	1.0000	0.00000248027500	1	0.0000			sp|P53597|SUCA_HUMAN		SUCA_HUMAN	SUCLG1	Succinate--CoA ligase [ADP/GDP-forming] subunit alpha, mitochondrial		
PYQYPALTPEQK		M	K	12	717.8667	2	1433.7190	1.0000	0.00073040060000	2	0.0000			sp|P04075|ALDOA_HUMAN		ALDOA_HUMAN	ALDOA	Fructose-bisphosphate aldolase A		
QAQEYEALLNIK		R	V	12	710.3775	2	1418.7405	1.0000	0.00002324041000	1	0.0000			sp|P05783|K1C18_HUMAN		K1C18_HUMAN	KRT18	Keratin, type I cytoskeletal 18		
QDEHGYISR		R	C	9	368.8404	3	1103.4995	0.9557	0.12316860000000	1	0.0000			sp|P04792|HSPB1_HUMAN		HSPB1_HUMAN	HSPB1	Heat shock protein beta-1		
QHNSGPNSKPVVSFIAGLTAPPGR		K	R	24	811.0994	3	2430.2766	1.0000	0.00000417830200	2	0.0000			sp|P53597|SUCA_HUMAN		SUCA_HUMAN	SUCLG1	Succinate--CoA ligase [ADP/GDP-forming] subunit alpha, mitochondrial		
QLLAGGIAGAVSR		R	T	13	606.8565	2	1211.6985	1.0000	0.00006778370000	1	0.0000			sp|Q6NUK1|SCMC1_HUMAN		SCMC1_HUMAN	SLC25A24	Calcium-binding mitochondrial carrier protein SCaMC-1		
QSLGELIGTLNAAK		K	V	14	707.8985	2	1413.7826	1.0000	0.00000000146213	1	0.0000			sp|P60174|TPIS_HUMAN		TPIS_HUMAN	TPI1	Triosephosphate isomerase		
QSSATSSFGGLGGGSVR		R	F	17	777.8789	2	1553.7433	0.9995	0.00644540000000	1	0.0000			sp|P08727|K1C19_HUMAN		K1C19_HUMAN	KRT19	Keratin, type I cytoskeletal 19		
QVHPDTGISSK		K	A	11	584.8014	2	1167.5884	1.0000	0.00002703351000	1	0.0000			sp|O60814|H2B1K_HUMAN		H2B1K_HUMAN	H2BC12	Histone H2B type 1-K	H2BC1,H2BC11,H2BC13,H2BC14,H2BC15,H2BC4,H2BFS,HIST1H2BB,HIST1H2BD,HIST1H2BH,HIST1H2BO,HIST2H2BE,HIST2H2BF,HIST3H2BB	sp|P06899|H2B1J_HUMAN,sp|P23527|H2B1O_HUMAN,sp|P33778|H2B1B_HUMAN,sp|P57053|H2BFS_HUMAN,sp|P58876|H2B1D_HUMAN,sp|P62807|H2B1C_HUMAN,sp|Q16778|H2B2E_HUMAN,sp|Q5QNW6|H2B2F_HUMAN,sp|Q8N257|H2B3B_HUMAN,sp|Q93079|H2B1H_HUMAN,sp|Q96A08|H2B1A_HUMAN,sp|Q99877|H2B1N_HUMAN,sp|Q99879|H2B1M_HUMAN,sp|Q99880|H2B1L_HUMAN
SDIGEVILVGGMTR	SDIGEVILVGGM[147]TR	K	M	14	731.8820	2	1461.7496	0.9925	0.02786121000000	1	0.0000	12M(15.9949)		sp|P38646|GRP75_HUMAN		GRP75_HUMAN	HSPA9	Stress-70 protein, mitochondrial		
SIVHPSYNSNTLNNDIMLIK	SIVHPSYNSNTLNNDIM[147]LIK	K	L	20	763.7229	3	2288.1470	1.0000	0.00000404344800	1	0.0000	17M(15.9949)		Contaminant_TRYP_BOVIN						
SLGSVQAPSYGAR		R	P	13	646.8332	2	1291.6520	1.0000	0.00000115464700	1	0.0000			sp|P05783|K1C18_HUMAN		K1C18_HUMAN	KRT18	Keratin, type I cytoskeletal 18		
SLLEGQEDHYNNLSASK		R	V	17	635.6376	3	1903.8911	0.9972	0.00959953600000	1	0.0000			sp|P08727|K1C19_HUMAN		K1C19_HUMAN	KRT19	Keratin, type I cytoskeletal 19		
SMSGYLSGFQAR	SM[147]SGYLSGFQAR	K	N	12	660.3059	2	1318.5974	1.0000	0.00212080100000	2	0.0000	2M(15.9949)		sp|Q9NZM3|ITSN2_HUMAN		ITSN2_HUMAN	ITSN2	Intersectin-2		
SNMDNMFESYINNLR	SNM[147]DNM[147]FESYINNLR	R	R	15	940.4010	2	1878.7875	1.0000	0.00066680660000	2	0.0000	3M(15.9949), 6M(15.9949)		sp|P05787|K2C8_HUMAN		K2C8_HUMAN	KRT8	Keratin, type II cytoskeletal 8		
SPITIITTK		K	V	9	487.3000	2	972.5855	1.0000	0.00002489542000	1	0.0000			sp|P51610|HCFC1_HUMAN		HCFC1_HUMAN	HCFC1	Host cell factor 1		
SQIHDIVLVGGSTR		K	I	14	741.4071	2	1480.7997	1.0000	0.00301300700000	1	0.0000			sp|P11142|HSP7C_HUMAN		HSP7C_HUMAN	HSPA8	Heat shock cognate 71 kDa protein		
SRAEAESMYQIK	SRAEAESM[147]YQIK	R	Y	12	476.8977	3	1427.6714	1.0000	0.00250611000000	1	0.0000	8M(15.9949)		sp|P05787|K2C8_HUMAN		K2C8_HUMAN	KRT8	Keratin, type II cytoskeletal 8		
SRLEQEIATYR		K	S	11	455.9088	3	1364.7047	1.0000	0.00000013577710	1	0.0000			sp|P08727|K1C19_HUMAN		K1C19_HUMAN	KRT19	Keratin, type I cytoskeletal 19		
SSGPTSLFAVTVAPPGAR		K	Q	18	857.9597	2	1713.9049	0.9967	0.01588548000000	1	0.0000			sp|Q00839|HNRPU_HUMAN		HNRPU_HUMAN	HNRNPU	Heterogeneous nuclear ribonucleoprotein U		
SSGPYGGGGQYFAKPR		R	N	16	543.5986	3	1627.7742	1.0000	0.00046612240000	1	0.0000			sp|P09651|ROA1_HUMAN		ROA1_HUMAN	HNRNPA1	Heterogeneous nuclear ribonucleoprotein A1		
SSGTSYPDVLK		K	C	11	577.2903	2	1152.5662	1.0000	0.00036891080000	1	0.0000			Contaminant_TRYP_BOVIN						
STFSTNYR		R	S	8	488.2301	2	974.4457	0.9908	0.02523481000000	1	0.0000			sp|P05783|K1C18_HUMAN		K1C18_HUMAN	KRT18	Keratin, type I cytoskeletal 18		
STGEPLGHVPAR		K	M	12	610.8227	2	1219.6309	1.0000	0.00108392700000	1	0.0000			sp|Q93052|LPP_HUMAN		LPP_HUMAN	LPP	Lipoma-preferred partner		
STTTGHLIYK		K	C	10	560.8034	2	1119.5924	1.0000	0.00000015835120	1	0.0000			sp|P68104|EF1A1_HUMAN		EF1A1_HUMAN	EEF1A1	Elongation factor 1-alpha 1	EEF1A1P5,EEF1A2	sp|Q05639|EF1A2_HUMAN,sp|Q5VTE0|EF1A3_HUMAN
SVDPTLALSVYLR		K	A	13	717.4035	2	1432.7925	0.9738	0.02014883000000	1	0.0000			sp|Q00610|CLH1_HUMAN		CLH1_HUMAN	CLTC	Clathrin heavy chain 1		
SYLYFTQFK		K	A	9	598.8029	2	1195.5913	0.9615	0.07383289000000	1	0.0000			sp|Q969H8|MYDGF_HUMAN		MYDGF_HUMAN	MYDGF	Myeloid-derived growth factor		
SYTSGPGSR		R	I	9	456.2144	2	910.4144	1.0000	0.00324713200000	1	0.0000			sp|P05787|K2C8_HUMAN		K2C8_HUMAN	KRT8	Keratin, type II cytoskeletal 8		
TAGTLFGEGFR		R	A	11	578.2932	2	1154.5719	0.9981	0.01158110000000	1	0.0000			sp|Q5T9A4|ATD3B_HUMAN		ATD3B_HUMAN	ATAD3B	ATPase family AAA domain-containing protein 3B	ATAD3A	sp|Q9NVI7|ATD3A_HUMAN
TALIHDGLAR		K	G	10	533.8037	2	1065.5930	0.9959	0.01837596000000	1	0.0000			sp|P25398|RS12_HUMAN		RS12_HUMAN	RPS12	40S ribosomal protein S12		
TATESFASDPILYRPVAVALDTK		R	G	23	822.4356	3	2464.2850	0.9999	0.00254252000000	2	0.0000			sp|P14618|KPYM_HUMAN		KPYM_HUMAN	PKM	Pyruvate kinase PKM		
TATPQQAQEVHEK		K	L	13	489.5793	3	1465.7161	1.0000	0.00000149539400	1	0.0000			sp|P60174|TPIS_HUMAN		TPIS_HUMAN	TPI1	Triosephosphate isomerase		
TAVETAVLLLR		K	I	11	593.3636	2	1184.7128	1.0000	0.00001114568000	1	0.0000			sp|P49368|TCPG_HUMAN		TCPG_HUMAN	CCT3	T-complex protein 1 subunit gamma		
TEIIILATR		R	T	9	515.3187	2	1028.6229	1.0000	0.00015176890000	1	0.0000			sp|P23396|RS3_HUMAN		RS3_HUMAN	RPS3	40S ribosomal protein S3		
TEMENEFVLIKK	TEM[147]ENEFVLIKK	R	D	12	499.5936	3	1495.7590	1.0000	0.00000143013800	1	0.0000	3M(15.9949)		sp|P05787|K2C8_HUMAN		K2C8_HUMAN	KRT8	Keratin, type II cytoskeletal 8		
TFAPEEISAMVLTK	TFAPEEISAM[147]VLTK	K	M	14	776.8999	2	1551.7853	1.0000	0.00003873134000	2	0.0000	10M(15.9949)		sp|P11021|BIP_HUMAN		BIP_HUMAN	HSPA5	Endoplasmic reticulum chaperone BiP		
TFIAIKPDGVQR		R	G	12	672.8852	2	1343.7560	1.0000	0.00123737200000	2	0.0000			sp|P15531|NDKA_HUMAN		NDKA_HUMAN	NME1	Nucleoside diphosphate kinase A	NME2	sp|P22392|NDKB_HUMAN
TFVNITPAEVGVLVGK		K	D	16	822.4719	2	1642.9293	0.9976	0.01303917000000	1	0.0000			sp|P07737|PROF1_HUMAN		PROF1_HUMAN	PFN1	Profilin-1		
TGALLLQGFIQDR		K	A	13	716.4013	2	1430.7881	1.0000	0.00088104920000	1	0.0000			sp|Q07812|BAX_HUMAN		BAX_HUMAN	BAX	Apoptosis regulator BAX		
TGLIDYNQLALTAR		K	L	14	774.9226	2	1547.8307	1.0000	0.00051079900000	1	0.0000			sp|P34897|GLYM_HUMAN		GLYM_HUMAN	SHMT2	Serine hydroxymethyltransferase, mitochondrial		
TGPNLHGLFGR		K	K	11	584.8146	2	1167.6147	1.0000	0.00020440910000	1	0.0000			sp|P99999|CYC_HUMAN		CYC_HUMAN	CYCS	Cytochrome c		
TGVAVNKPAEFTVDAK		K	H	16	549.6297	3	1645.8674	1.0000	0.00000001990229	1	0.0000			sp|P21333|FLNA_HUMAN		FLNA_HUMAN	FLNA	Filamin-A		
TGVAVNKPAEFTVDAK		K	H	16	823.9409	2	1645.8674	1.0000	0.00208361300000	1	0.0000			sp|P21333|FLNA_HUMAN		FLNA_HUMAN	FLNA	Filamin-A		
THAVLVALK		K	R	9	476.3029	2	950.5912	1.0000	0.00033342620000	1	0.0000			sp|P25786|PSA1_HUMAN		PSA1_HUMAN	PSMA1	Proteasome subunit alpha type-1		
THSDQFLVAFK		R	E	11	646.8352	2	1291.6560	0.9990	0.00859013600000	1	0.0000			sp|P36542|ATPG_HUMAN		ATPG_HUMAN	ATP5F1C	ATP synthase subunit gamma, mitochondrial		
THYDPPR		R	K	7	443.2143	2	884.4141	0.9849	0.03719631000000	1	0.0000			sp|P31943|HNRH1_HUMAN		HNRH1_HUMAN	HNRNPH1	Heterogeneous nuclear ribonucleoprotein H	HNRNPH2	sp|P55795|HNRH2_HUMAN
TIEAEAAHGTVTR		K	H	13	452.5686	3	1354.6840	1.0000	0.00000575811700	1	0.0000			sp|P48735|IDHP_HUMAN		IDHP_HUMAN	IDH2	Isocitrate dehydrogenase [NADP], mitochondrial		
TIEAEAAHGTVTR		K	H	13	678.3492	2	1354.6840	1.0000	0.00168752400000	1	0.0000			sp|P48735|IDHP_HUMAN		IDHP_HUMAN	IDH2	Isocitrate dehydrogenase [NADP], mitochondrial		
TIFQGIAAK		K	V	9	474.7792	2	947.5440	0.9849	0.04592228000000	1	0.0000			sp|P52209|6PGD_HUMAN		6PGD_HUMAN	PGD	6-phosphogluconate dehydrogenase, decarboxylating		
TIIFVETK		K	R	8	475.7814	2	949.5484	0.9971	0.01459438000000	1	0.0000			sp|Q92841|DDX17_HUMAN		DDX17_HUMAN	DDX17	Probable ATP-dependent RNA helicase DDX17		
TILPAAAQDVYYR		K	D	13	740.8933	2	1479.7721	1.0000	0.00089279110000	1	0.0000			sp|P04843|RPN1_HUMAN		RPN1_HUMAN	RPN1	Dolichyl-diphosphooligosaccharide--protein glycosyltransferase subunit 1		
TINLYPLTNYTFGTK		R	E	15	873.4590	2	1744.9036	0.9999	0.00447455600000	1	0.0000			sp|O43809|CPSF5_HUMAN		CPSF5_HUMAN	NUDT21	Cleavage and polyadenylation specificity factor subunit 5		
TKDGVVEITGK		K	H	11	382.8836	3	1145.6292	1.0000	0.00008462177000	1	0.0000			sp|P04792|HSPB1_HUMAN		HSPB1_HUMAN	HSPB1	Heat shock protein beta-1		
TKDGVVEITGK		K	H	11	573.8218	2	1145.6292	1.0000	0.00000218760200	1	0.0000			sp|P04792|HSPB1_HUMAN		HSPB1_HUMAN	HSPB1	Heat shock protein beta-1		
TKFETEQALR		R	M	10	408.2190	3	1221.6353	1.0000	0.00017812370000	1	0.0000			sp|P08727|K1C19_HUMAN		K1C19_HUMAN	KRT19	Keratin, type I cytoskeletal 19	KRT17	sp|Q04695|K1C17_HUMAN
TKPYIQVDIGGGQTK		K	T	15	802.9357	2	1603.8569	0.9988	0.00450039000000	1	0.0000			sp|P11021|BIP_HUMAN		BIP_HUMAN	HSPA5	Endoplasmic reticulum chaperone BiP		
TKTEISEMNR	TKTEISEM[147]NR	R	N	10	612.7980	2	1223.5815	1.0000	0.00188473400000	1	0.0000	8M(15.9949)		sp|P05787|K2C8_HUMAN		K2C8_HUMAN	KRT8	Keratin, type II cytoskeletal 8		
TKTEISEMNR	TKTEISEM[147]NR	R	N	10	408.8677	3	1223.5815	1.0000	0.00026948150000	1	0.0000	8M(15.9949)		sp|P05787|K2C8_HUMAN		K2C8_HUMAN	KRT8	Keratin, type II cytoskeletal 8		
TLMNLGGLAVAR	TLM[147]NLGGLAVAR	R	D	12	616.3449	2	1230.6753	1.0000	0.00000006188103	1	0.0000	3M(15.9949)		sp|P37802|TAGL2_HUMAN		TAGL2_HUMAN	TAGLN2	Transgelin-2		
TLQGLEIELQSQLSMK	TLQGLEIELQSQLSM[147]K	R	A	16	611.9923	3	1832.9552	1.0000	0.00000023094890	1	0.0000	15M(15.9949)		sp|P08727|K1C19_HUMAN		K1C19_HUMAN	KRT19	Keratin, type I cytoskeletal 19	KRT13	sp|P13646|K1C13_HUMAN
TLVLLDNLNVR		R	E	11	635.3798	2	1268.7451	1.0000	0.00078749850000	1	0.0000			sp|P39656|OST48_HUMAN		OST48_HUMAN	DDOST	Dolichyl-diphosphooligosaccharide--protein glycosyltransferase 48 kDa subunit		
TLVLLMGK	TLVLLM[147]GK	K	E	8	445.7725	2	889.5306	0.9965	0.01373111000000	1	0.0000	6M(15.9949)		sp|P07737|PROF1_HUMAN		PROF1_HUMAN	PFN1	Profilin-1		
TLVYGGIFLYPANK		R	K	14	778.4295	2	1554.8445	0.9997	0.00305378200000	1	0.0000			sp|P09467|F16P1_HUMAN		F16P1_HUMAN	FBP1	Fructose-1,6-bisphosphatase 1		
TLYFADTYLK		R	D	10	617.8212	2	1233.6280	1.0000	0.00148369100000	1	0.0000			sp|Q6P1M3|L2GL2_HUMAN		L2GL2_HUMAN	LLGL2	LLGL scribble cell polarity complex component 2		
TMAVTPGTTTLPATVK	TM[147]AVTPGTTTLPATVK	K	V	16	802.9317	2	1603.8490	0.9772	0.02630268000000	1	0.0000	2M(15.9949)		sp|P51610|HCFC1_HUMAN		HCFC1_HUMAN	HCFC1	Host cell factor 1		
TPFLLSGTSYK		R	D	11	607.3267	2	1212.6389	1.0000	0.00010040380000	1	0.0000			sp|P55084|ECHB_HUMAN		ECHB_HUMAN	HADHB	Trifunctional enzyme subunit beta, mitochondrial		
TPVEPEVAIHR		K	I	11	624.3407	2	1246.6669	0.9926	0.02694635000000	1	0.0000			sp|P60866|RS20_HUMAN		RS20_HUMAN	RPS20	40S ribosomal protein S20		
TPVEPEVAIHR		K	I	11	416.5629	3	1246.6669	1.0000	0.00000000000011	1	0.0000			sp|P60866|RS20_HUMAN		RS20_HUMAN	RPS20	40S ribosomal protein S20		
TQIDHYVGIAR		K	D	11	636.8383	2	1271.6621	0.9971	0.01181681000000	1	0.0000			sp|O95197|RTN3_HUMAN		RTN3_HUMAN	RTN3	Reticulon-3		
TQNTVIVNGVAMASR	TQNTVIVNGVAM[147]ASR	M	P	15	526.2752	3	1575.8038	0.9765	0.01078962000000	1	0.0000	12M(15.9949)		sp|Q3YBM2|T176B_HUMAN		T176B_HUMAN	TMEM176B	Transmembrane protein 176B		
TSFFQALGITTK		K	I	12	657.3585	2	1312.7026	1.0000	0.00000000008052	1	0.0000			sp|P05388|RLA0_HUMAN		RLA0_HUMAN	RPLP0	60S acidic ribosomal protein P0	RPLP0P6	sp|Q8NHW5|RLA0L_HUMAN
TSIAIDTIINQK		K	R	12	658.8745	2	1315.7346	1.0000	0.00000543507000	1	0.0000			sp|P25705|ATPA_HUMAN		ATPA_HUMAN	ATP5F1A	ATP synthase subunit alpha, mitochondrial		
TSILAAANPISGHYDR		R	S	16	843.4338	2	1684.8531	0.9799	0.01685582000000	1	0.0000			sp|Q14566|MCM6_HUMAN		MCM6_HUMAN	MCM6	DNA replication licensing factor MCM6		
TTPSYVAFTDTER		R	L	13	744.3541	2	1486.6938	0.9762	0.04764310000000	1	0.0000			sp|P0DMV8|HS71A_HUMAN		HS71A_HUMAN	HSPA1A	Heat shock 70 kDa protein 1A	HSPA1B,HSPA1L,HSPA2,HSPA6,HSPA7,HSPA8	sp|P0DMV9|HS71B_HUMAN,sp|P17066|HSP76_HUMAN,sp|P34931|HS71L_HUMAN,sp|P48741|HSP77_HUMAN,sp|P54652|HSP72_HUMAN
TVAGQDAVIVLLGTR		K	N	15	756.9408	2	1511.8671	1.0000	0.00000000040753	2	0.0000			sp|P30043|BLVRB_HUMAN		BLVRB_HUMAN	BLVRB	Flavin reductase (NADPH)		
TVTAMDVVYALK	TVTAM[147]DVVYALK	K	R	12	663.8522	2	1325.6900	1.0000	0.00003830771000	2	0.0000	5M(15.9949)		sp|P62805|H4_HUMAN		H4_HUMAN	H4C1	Histone H4		
TVTATFGYPFR		K	L	11	630.3245	2	1258.6345	1.0000	0.00020144020000	2	0.0000			sp|Q16563|SYPL1_HUMAN		SYPL1_HUMAN	SYPL1	Synaptophysin-like protein 1		
TVTVTRPTGVSFK		K	K	13	696.8958	2	1391.7772	1.0000	0.00043617080000	1	0.0000			sp|A5YKK6|CNOT1_HUMAN		CNOT1_HUMAN	CNOT1	CCR4-NOT transcription complex subunit 1		
TYFTDKK		K	T	7	451.7345	2	901.4545	0.9944	0.02254239000000	1	0.0000			sp|P27824|CALX_HUMAN		CALX_HUMAN	CANX	Calnexin		
TYHALSNLPK		K	A	10	572.3114	2	1142.6083	1.0000	0.00009767603000	1	0.0000			sp|O00231|PSD11_HUMAN		PSD11_HUMAN	PSMD11	26S proteasome non-ATPase regulatory subunit 11		
VALTGLTVAEYFR		R	D	13	720.3982	2	1438.7819	1.0000	0.00000007463254	2	0.0000			sp|P06576|ATPB_HUMAN		ATPB_HUMAN	ATP5F1B	ATP synthase subunit beta, mitochondrial		
VGSHITGGDIYGIVSENSLIK		R	H	21	720.3829	3	2158.1270	0.9790	0.02577805000000	1	0.0000			sp|P38606|VATA_HUMAN		VATA_HUMAN	ATP6V1A	V-type proton ATPase catalytic subunit A		
VIGTLLGTVDK		R	H	11	558.3371	2	1114.6597	1.0000	0.00001208288000	1	0.0000			sp|O00303|EIF3F_HUMAN		EIF3F_HUMAN	EIF3F	Eukaryotic translation initiation factor 3 subunit F		
VKLEAEIATYR		K	R	11	646.8640	2	1291.7135	1.0000	0.00002012761000	1	0.0000			sp|P05783|K1C18_HUMAN		K1C18_HUMAN	KRT18	Keratin, type I cytoskeletal 18		
VPDGMVGFIIGR	VPDGM[147]VGFIIGR	K	G	12	638.8394	2	1275.6644	1.0000	0.00000000143344	1	0.0000	5M(15.9949)		sp|Q96AE4|FUBP1_HUMAN		FUBP1_HUMAN	FUBP1	Far upstream element-binding protein 1		
VPDGMVGLIIGR	VPDGM[147]VGLIIGR	R	G	12	621.8472	2	1241.6800	1.0000	0.00002286211000	1	0.0000	5M(15.9949)		sp|Q92945|FUBP2_HUMAN		FUBP2_HUMAN	KHSRP	Far upstream element-binding protein 2		
VSFELFADKVPK		R	T	12	690.3820	2	1378.7495	1.0000	0.00003863372000	1	0.0000			sp|P62937|PPIA_HUMAN		PPIA_HUMAN	PPIA	Peptidyl-prolyl cis-trans isomerase A		
VSLDVNHFAPDELTVK		R	T	16	892.4648	2	1782.9152	1.0000	0.00275740200000	1	0.0000			sp|P04792|HSPB1_HUMAN		HSPB1_HUMAN	HSPB1	Heat shock protein beta-1		
VSLDVNHFAPDELTVK		R	T	16	595.3123	3	1782.9152	1.0000	0.00000000006638	1	0.0000			sp|P04792|HSPB1_HUMAN		HSPB1_HUMAN	HSPB1	Heat shock protein beta-1		
YALYDATYETK		R	E	11	669.3166	2	1336.6187	0.9929	0.00462115000000	1	0.0000			sp|P23528|COF1_HUMAN		COF1_HUMAN	CFL1	Cofilin-1	CFL2	sp|Q9Y281|COF2_HUMAN
YGLIYHASLVGQTSPK		K	H	16	578.6455	3	1732.9147	1.0000	0.00000000017292	1	0.0000			sp|Q9Y2X3|NOP58_HUMAN		NOP58_HUMAN	NOP58	Nucleolar protein 58		
YGLIYHASLVGQTSPK		K	H	16	867.4646	2	1732.9147	1.0000	0.00117692900000	1	0.0000			sp|Q9Y2X3|NOP58_HUMAN		NOP58_HUMAN	NOP58	Nucleolar protein 58		
YILVTGGVISGIGK		K	G	14	688.9109	2	1375.8074	1.0000	0.00000058741940	1	0.0000			sp|P17812|PYRG1_HUMAN		PYRG1_HUMAN	CTPS1	CTP synthase 1	CTPS2	sp|Q9NRF8|PYRG2_HUMAN
