Peptide	Prev AA	Next AA	Peptide Length	Charges	Probability	Spectral Count	Intensity	Assigned Modifications	Observed Modifications	Protein	Protein ID	Entry Name	Gene	Protein Description	Mapped Genes	Mapped Proteins
AALTGLLHR	R	T	9	2	0.9985	1	0.000000			sp|P55084|ECHB_HUMAN		ECHB_HUMAN	HADHB	Trifunctional enzyme subunit beta, mitochondrial		
AGGFVVGYTSSGNPIFR	K	N	17	2	1.0000	1	0.000000			sp|Q9HAV4|XPO5_HUMAN		XPO5_HUMAN	XPO5	Exportin-5		
AGIAHLYGIAGSTNVTGDQVK	K	K	21	3	1.0000	2	0.000000			sp|P09467|F16P1_HUMAN		F16P1_HUMAN	FBP1	Fructose-1,6-bisphosphatase 1		
AHLGALLAR	R	Y	9	2	1.0000	1	0.000000			sp|P06307|CCKN_HUMAN		CCKN_HUMAN	CCK	Cholecystokinin		
ALLTGLLDLQAR	K	Y	12	2	1.0000	1	0.000000			sp|P80404|GABT_HUMAN		GABT_HUMAN	ABAT	4-aminobutyrate aminotransferase, mitochondrial		
ALQSVGQIVGEVLK	K	Q	14	2	1.0000	1	0.000000			sp|P62333|PRS10_HUMAN		PRS10_HUMAN	PSMC6	26S proteasome regulatory subunit 10B		
AQIHDLVLVGGSTR	K	I	14	2	0.9994	1	0.000000			sp|P0DMV8|HS71A_HUMAN		HS71A_HUMAN	HSPA1A	Heat shock 70 kDa protein 1A	HSPA1B	sp|P0DMV9|HS71B_HUMAN
AQYEDIANR	K	S	9	2	0.9921	1	0.000000			sp|P05787|K2C8_HUMAN		K2C8_HUMAN	KRT8	Keratin, type II cytoskeletal 8	KRT75	sp|O95678|K2C75_HUMAN
AVVGYSGNGR	K	A	10	2	0.9629	1	0.000000			sp|Q96KV7|WDR90_HUMAN		WDR90_HUMAN	WDR90	WD repeat-containing protein 90		
AVVTGLVHK	R	W	9	2	0.9996	1	0.000000			sp|Q4G176|ACSF3_HUMAN		ACSF3_HUMAN	ACSF3	Malonate--CoA ligase ACSF3, mitochondrial		
DMIILPEMVGSMVGVYNGK	R	T	19	2	0.9991	2	0.000000	12M(15.9949), 2M(15.9949), 8M(15.9949)		sp|P62841|RS15_HUMAN		RS15_HUMAN	RPS15	40S ribosomal protein S15		
DNIQGITKPAIR	R	R	12	2	1.0000	1	0.000000			sp|P62805|H4_HUMAN		H4_HUMAN	H4C1	Histone H4		
EITALAPSTMK	K	I	11	2	1.0000	1	0.000000	10M(15.9949)		sp|P60709|ACTB_HUMAN		ACTB_HUMAN	ACTB	Actin, cytoplasmic 1	ACTA1, ACTA2, ACTC1, ACTG1, ACTG2	sp|P62736|ACTA_HUMAN, sp|P63261|ACTG_HUMAN, sp|P63267|ACTH_HUMAN, sp|P68032|ACTC_HUMAN, sp|P68133|ACTS_HUMAN
ESYSVYVYK	K	V	9	2	0.9892	1	0.000000			sp|O60814|H2B1K_HUMAN		H2B1K_HUMAN	H2BC12	Histone H2B type 1-K	H2BC13, H2BC14, H2BC15, H2BC4, H2BFS, HIST1H2BD, HIST1H2BH, HIST2H2BF	sp|P57053|H2BFS_HUMAN, sp|P58876|H2B1D_HUMAN, sp|P62807|H2B1C_HUMAN, sp|Q5QNW6|H2B2F_HUMAN, sp|Q93079|H2B1H_HUMAN, sp|Q99877|H2B1N_HUMAN, sp|Q99879|H2B1M_HUMAN, sp|Q99880|H2B1L_HUMAN
FASFIDK	K	V	7	2	0.9837	1	0.000000			sp|P05787|K2C8_HUMAN		K2C8_HUMAN	KRT8	Keratin, type II cytoskeletal 8	KRT1, KRT2, KRT3, KRT4, KRT5, KRT6A, KRT6B, KRT6C, KRT7, KRT71, KRT72, KRT73, KRT74, KRT75, KRT76, KRT77, KRT78, KRT79, KRT84	Contaminant_K22E_HUMAN, Contaminant_K2C1_HUMAN, sp|O95678|K2C75_HUMAN, sp|P02538|K2C6A_HUMAN, sp|P04259|K2C6B_HUMAN, sp|P04264|K2C1_HUMAN, sp|P08729|K2C7_HUMAN, sp|P12035|K2C3_HUMAN, sp|P13647|K2C5_HUMAN, sp|P19013|K2C4_HUMAN, sp|P35908|K22E_HUMAN, sp|P48668|K2C6C_HUMAN, sp|Q01546|K22O_HUMAN, sp|Q14CN4|K2C72_HUMAN, sp|Q3SY84|K2C71_HUMAN, sp|Q5XKE5|K2C79_HUMAN, sp|Q7RTS7|K2C74_HUMAN, sp|Q7Z794|K2C1B_HUMAN, sp|Q86Y46|K2C73_HUMAN, sp|Q8N1N4|K2C78_HUMAN, sp|Q9NSB2|KRT84_HUMAN
FAVGIVIGR	R	N	9	2	1.0000	1	0.000000			sp|Q96AE4|FUBP1_HUMAN		FUBP1_HUMAN	FUBP1	Far upstream element-binding protein 1	FUBP3	sp|Q96I24|FUBP3_HUMAN
FGPGVAFR	R	A	8	2	0.9971	1	0.000000			sp|P08727|K1C19_HUMAN		K1C19_HUMAN	KRT19	Keratin, type I cytoskeletal 19		
GGGGNFGPGPGSNFR	R	G	15	2	0.9938	1	0.000000			sp|P22626|ROA2_HUMAN		ROA2_HUMAN	HNRNPA2B1	Heterogeneous nuclear ribonucleoproteins A2/B1		
GGIVGMTLPIAR	K	D	12	2	0.9991	1	0.000000	6M(15.9949)		sp|Q99714|HCD2_HUMAN		HCD2_HUMAN	HSD17B10	3-hydroxyacyl-CoA dehydrogenase type-2		
GGYVLHIGTIYGDLK	R	V	15	2	1.0000	1	0.000000			sp|P49588|SYAC_HUMAN		SYAC_HUMAN	AARS	Alanine--tRNA ligase, cytoplasmic		
GLSSLLYGSIPK	R	A	12	2	1.0000	1	0.000000			sp|P53007|TXTP_HUMAN		TXTP_HUMAN	SLC25A1	Tricarboxylate transport protein, mitochondrial		
GYSFTTTAER	R	E	10	2	1.0000	1	0.000000			sp|P60709|ACTB_HUMAN		ACTB_HUMAN	ACTB	Actin, cytoplasmic 1	ACTG1	sp|P63261|ACTG_HUMAN
HFNLLSSK	K	G	8	2	1.0000	1	0.000000			sp|Q9BUP3|HTAI2_HUMAN		HTAI2_HUMAN	HTATIP2	Oxidoreductase HTATIP2		
HFVALSTNTTK	K	V	11	2	1.0000	1	0.000000			sp|P06744|G6PI_HUMAN		G6PI_HUMAN	GPI	Glucose-6-phosphate isomerase		
HFYSLVK	K	Q	7	2	0.9681	1	0.000000			sp|Q96HY7|DHTK1_HUMAN		DHTK1_HUMAN	DHTKD1	Probable 2-oxoglutarate dehydrogenase E1 component DHKTD1, mitochondrial		
HGLINFGIYK	R	R	10	2	1.0000	1	0.000000			sp|O60341|KDM1A_HUMAN		KDM1A_HUMAN	KDM1A	Lysine-specific histone demethylase 1A		
HGLYLPTR	K	V	8	2	1.0000	1	0.000000			sp|P49327|FAS_HUMAN		FAS_HUMAN	FASN	Fatty acid synthase		
HGSLGFLPR	R	K	9	2	1.0000	1	0.000000			sp|P39023|RL3_HUMAN		RL3_HUMAN	RPL3	60S ribosomal protein L3		
HGVYNPNK	K	I	8	2	0.9721	1	0.000000			sp|P40926|MDHM_HUMAN		MDHM_HUMAN	MDH2	Malate dehydrogenase, mitochondrial		
HIANYISGIQTIGHR	K	V	15	3	1.0000	1	0.000000			sp|Q15393|SF3B3_HUMAN		SF3B3_HUMAN	SF3B3	Splicing factor 3B subunit 3		
HILANFK	K	N	7	2	0.9996	1	0.000000			sp|P13693|TCTP_HUMAN		TCTP_HUMAN	TPT1	Translationally-controlled tumor protein		sp|Q56UQ5|TPT1L_HUMAN
HITGSYK	K	V	7	2	0.9578	1	0.000000			sp|Q15046|SYK_HUMAN		SYK_HUMAN	KARS1	Lysine--tRNA ligase		
HITIFSPEGR	R	L	10	2	0.9683	1	0.000000			sp|P60900|PSA6_HUMAN		PSA6_HUMAN	PSMA6	Proteasome subunit alpha type-6		
HIYYITGETK	K	D	10	2, 3	1.0000	2	0.000000			sp|P07900|HS90A_HUMAN		HS90A_HUMAN	HSP90AA1	Heat shock protein HSP 90-alpha	HSP90AA5P	sp|Q58FG0|HS905_HUMAN
HLIPAANTGESK	K	V	12	2	0.9951	1	0.000000			sp|P62258|1433E_HUMAN		1433E_HUMAN	YWHAE	14-3-3 protein epsilon		
HLIVLINK	K	M	8	2	0.9823	1	0.000000			sp|P15170|ERF3A_HUMAN		ERF3A_HUMAN	GSPT1	Eukaryotic peptide chain release factor GTP-binding subunit ERF3A	GSPT2	sp|Q8IYD1|ERF3B_HUMAN
HLLIGVSSDR	K	G	10	2	0.9946	1	0.000000			sp|P36542|ATPG_HUMAN		ATPG_HUMAN	ATP5F1C	ATP synthase subunit gamma, mitochondrial		
HLQLAIR	R	N	7	2	0.9939	1	0.000000			sp|P04908|H2A1B_HUMAN		H2A1B_HUMAN	H2AC4	Histone H2A type 1-B/E	H2AC11, H2AC14, H2AC7, H2AFJ, H2AFV, H2AFX, H2AZ1, HIST1H2AA, HIST1H2AC, HIST1H2AH, HIST2H2AA3, HIST2H2AC, HIST3H2A	sp|P0C0S5|H2AZ_HUMAN, sp|P0C0S8|H2A1_HUMAN, sp|P16104|H2AX_HUMAN, sp|P20671|H2A1D_HUMAN, sp|Q16777|H2A2C_HUMAN, sp|Q6FI13|H2A2A_HUMAN, sp|Q71UI9|H2AV_HUMAN, sp|Q7L7L0|H2A3_HUMAN, sp|Q93077|H2A1C_HUMAN, sp|Q96KK5|H2A1H_HUMAN, sp|Q96QV6|H2A1A_HUMAN, sp|Q99878|H2A1J_HUMAN, sp|Q9BTM1|H2AJ_HUMAN
HLQLAVR	R	N	7	2	1.0000	1	0.000000			sp|Q8IUE6|H2A2B_HUMAN		H2A2B_HUMAN	HIST2H2AB	Histone H2A type 2-B		
HLSPDGQYVPR	K	I	11	3	1.0000	1	0.000000			sp|O95994|AGR2_HUMAN		AGR2_HUMAN	AGR2	Anterior gradient protein 2 homolog		
HLTDAYFK	K	K	8	2	1.0000	1	0.000000			sp|Q02878|RL6_HUMAN		RL6_HUMAN	RPL6	60S ribosomal protein L6		
HPQLLYESK	R	L	9	2	1.0000	1	0.000000			sp|P48729|KC1A_HUMAN		KC1A_HUMAN	CSNK1A1	Casein kinase I isoform alpha	CSNK1A1L	sp|Q8N752|KC1AL_HUMAN
HQGVMVGMGQK	R	D	11	2, 3	1.0000	2	0.000000	5M(15.9949), 8M(15.9949)		sp|P60709|ACTB_HUMAN		ACTB_HUMAN	ACTB	Actin, cytoplasmic 1	ACTA1, ACTA2, ACTBL2, ACTC1, ACTG1, ACTG2	sp|P62736|ACTA_HUMAN, sp|P63261|ACTG_HUMAN, sp|P63267|ACTH_HUMAN, sp|P68032|ACTC_HUMAN, sp|P68133|ACTS_HUMAN, sp|Q562R1|ACTBL_HUMAN
HQPTAIIAK	K	T	9	2	1.0000	1	0.000000			sp|P29401|TKT_HUMAN		TKT_HUMAN	TKT	Transketolase		
HQSFVLVGETGSGK	R	T	14	2	0.9947	1	0.000000			sp|O43143|DHX15_HUMAN		DHX15_HUMAN	DHX15	Pre-mRNA-splicing factor ATP-dependent RNA helicase DHX15		
HQTLQGVAFPISR	K	E	13	2	1.0000	1	0.000000			sp|Q12792|TWF1_HUMAN		TWF1_HUMAN	TWF1	Twinfilin-1		
HSEVQQANLK	K	A	10	2	0.9956	1	0.000000			sp|P35606|COPB2_HUMAN		COPB2_HUMAN	COPB2	Coatomer subunit beta'		
HSVGVVIGR	R	S	9	2	1.0000	1	0.000000			sp|Q92945|FUBP2_HUMAN		FUBP2_HUMAN	KHSRP	Far upstream element-binding protein 2		
HTFGLVQSK	R	L	9	2	1.0000	1	0.000000			sp|Q6UW68|TM205_HUMAN		TM205_HUMAN	TMEM205	Transmembrane protein 205		
HVFGQPVK	R	N	8	2	1.0000	1	0.000000			sp|Q9BR76|COR1B_HUMAN		COR1B_HUMAN	CORO1B	Coronin-1B		
HVLVTLGEK	R	M	9	2	1.0000	1	0.000000			sp|P60660|MYL6_HUMAN		MYL6_HUMAN	MYL6	Myosin light polypeptide 6		
HVQGILR	R	G	7	2	0.9925	1	0.000000			sp|A8MWD9|RUXGL_HUMAN		RUXGL_HUMAN	SNRPGP15	Putative small nuclear ribonucleoprotein G-like protein 15	SNRPG	sp|P62308|RUXG_HUMAN
HWGGNVLGPK	R	S	10	2	1.0000	1	0.000000			sp|P62424|RL7A_HUMAN		RL7A_HUMAN	RPL7A	60S ribosomal protein L7a		
HYGGLTGLNK	R	A	10	2	1.0000	1	0.000000			sp|P15259|PGAM2_HUMAN		PGAM2_HUMAN	PGAM2	Phosphoglycerate mutase 2	PGAM1, PGAM4	sp|P18669|PGAM1_HUMAN, sp|Q8N0Y7|PGAM4_HUMAN
HYIFNPR	R	K	7	2	0.9879	1	0.000000			sp|Q9NYU2|UGGG1_HUMAN		UGGG1_HUMAN	UGGT1	UDP-glucose:glycoprotein glucosyltransferase 1		
HYLFDVQR	R	N	8	2	1.0000	1	0.000000			sp|P24539|AT5F1_HUMAN		AT5F1_HUMAN	ATP5PB	ATP synthase F(0) complex subunit B1, mitochondrial		
HYVYGPLPQSFDK	K	E	13	2	0.9999	1	0.000000			sp|P13073|COX41_HUMAN		COX41_HUMAN	COX4I1	Cytochrome c oxidase subunit 4 isoform 1, mitochondrial		
HYVYSTLTR	K	N	9	2	0.9964	1	0.000000			sp|Q5T0W9|FA83B_HUMAN		FA83B_HUMAN	FAM83B	Protein FAM83B		
IFGLLMGTLQK	R	F	11	2	1.0000	2	0.000000	6M(15.9949)		sp|Q9H307|PININ_HUMAN		PININ_HUMAN	PNN	Pinin		
IILDLISESPIK	K	G	12	2	1.0000	1	0.000000			sp|P61978|HNRPK_HUMAN		HNRPK_HUMAN	HNRNPK	Heterogeneous nuclear ribonucleoprotein K		
ILIVGGGVAGLASAGAAK	K	S	18	2	1.0000	1	0.000000			sp|Q13423|NNTM_HUMAN		NNTM_HUMAN	NNT	NAD(P) transhydrogenase, mitochondrial		
IMFVDPSLTVR	R	A	11	2	0.9953	2	0.000000	2M(15.9949)		sp|O95994|AGR2_HUMAN		AGR2_HUMAN	AGR2	Anterior gradient protein 2 homolog	AGR3	sp|Q8TD06|AGR3_HUMAN
ISSSSFSR	R	V	8	2	0.9996	1	0.000000			sp|P05787|K2C8_HUMAN		K2C8_HUMAN	KRT8	Keratin, type II cytoskeletal 8		
ISVYYNEATGGK	R	Y	12	2	0.9974	1	0.000000			sp|P07437|TBB5_HUMAN		TBB5_HUMAN	TUBB	Tubulin beta chain		
IVLQIDNAR	R	L	9	2	0.9985	1	0.000000			sp|P08727|K1C19_HUMAN		K1C19_HUMAN	KRT19	Keratin, type I cytoskeletal 19	KRT18	sp|P05783|K1C18_HUMAN
KDLYANTVLSGGTTMYPGIADR	R	M	22	3	1.0000	2	0.000000	15M(15.9949)		sp|P60709|ACTB_HUMAN		ACTB_HUMAN	ACTB	Actin, cytoplasmic 1	ACTG1	sp|P63261|ACTG_HUMAN
KLLEGEESR	R	L	9	2	1.0000	1	0.000000			sp|P05787|K2C8_HUMAN		K2C8_HUMAN	KRT8	Keratin, type II cytoskeletal 8	DES, KRT7, PRPH, VIM	sp|P08670|VIME_HUMAN, sp|P08729|K2C7_HUMAN, sp|P17661|DESM_HUMAN, sp|P41219|PERI_HUMAN
KQSLGELIGTLNAAK	R	V	15	3	1.0000	1	0.000000			sp|P60174|TPIS_HUMAN		TPIS_HUMAN	TPI1	Triosephosphate isomerase		
LASYLDR	R	V	7	2	0.9569	1	0.000000			sp|P05783|K1C18_HUMAN		K1C18_HUMAN	KRT18	Keratin, type I cytoskeletal 18		XXX_sp|Q9H3G5|CPVL_HUMAN
LEAEIATYR	K	R	9	2	0.9983	1	0.000000			sp|P05783|K1C18_HUMAN		K1C18_HUMAN	KRT18	Keratin, type I cytoskeletal 18		
LESGMQNMSIHTK	R	T	13	2, 3	1.0000	2	0.000000	5M(15.9949), 8M(15.9949)		sp|P05787|K2C8_HUMAN		K2C8_HUMAN	KRT8	Keratin, type II cytoskeletal 8		
LGFVAGVINR	R	E	10	2	1.0000	1	0.000000			sp|Q93050|VPP1_HUMAN		VPP1_HUMAN	ATP6V0A1	V-type proton ATPase 116 kDa subunit a isoform 1		
LGFVSGLINQGK	K	V	12	2	1.0000	1	0.000000			sp|Q9Y487|VPP2_HUMAN		VPP2_HUMAN	ATP6V0A2	V-type proton ATPase 116 kDa subunit a isoform 2		
LLIHQSLAGGIIGVK	R	G	15	2	1.0000	2	0.000000			sp|P61978|HNRPK_HUMAN		HNRPK_HUMAN	HNRNPK	Heterogeneous nuclear ribonucleoprotein K		
LLLPGELAK	R	H	9	2	0.9863	1	0.000000			sp|O60814|H2B1K_HUMAN		H2B1K_HUMAN	H2BC12	Histone H2B type 1-K	H2BC1, H2BC11, H2BC13, H2BC14, H2BC15, H2BC4, H2BFS, HIST1H2BB, HIST1H2BD, HIST1H2BH, HIST1H2BO, HIST2H2BE, HIST2H2BF, HIST3H2BB	sp|P06899|H2B1J_HUMAN, sp|P23527|H2B1O_HUMAN, sp|P33778|H2B1B_HUMAN, sp|P57053|H2BFS_HUMAN, sp|P58876|H2B1D_HUMAN, sp|P62807|H2B1C_HUMAN, sp|Q16778|H2B2E_HUMAN, sp|Q5QNW6|H2B2F_HUMAN, sp|Q8N257|H2B3B_HUMAN, sp|Q93079|H2B1H_HUMAN, sp|Q96A08|H2B1A_HUMAN, sp|Q99877|H2B1N_HUMAN, sp|Q99879|H2B1M_HUMAN, sp|Q99880|H2B1L_HUMAN
LMGSILGVR	R	R	9	2	1.0000	1	0.000000	2M(15.9949)		sp|Q15643|TRIPB_HUMAN		TRIPB_HUMAN	TRIP11	Thyroid receptor-interacting protein 11		
LMSALLSGLTDR	K	N	12	2	1.0000	2	0.000000	2M(15.9949)		sp|Q5VYK3|ECM29_HUMAN		ECM29_HUMAN	ECPAS	Proteasome adapter and scaffold protein ECM29		
LNITSLQFKR	K	S	10	2	0.9615	1	0.000000			sp|Q3B726|RPA43_HUMAN		RPA43_HUMAN	TWISTNB	DNA-directed RNA polymerase I subunit RPA43		
LSELEAALQR	K	A	10	2	1.0000	1	0.000000			sp|P05787|K2C8_HUMAN		K2C8_HUMAN	KRT8	Keratin, type II cytoskeletal 8		
LVIITAGAR	K	Q	9	2	0.9928	1	0.000000			sp|P00338|LDHA_HUMAN		LDHA_HUMAN	LDHA	L-lactate dehydrogenase A chain	LDHAL6A, LDHAL6B	sp|Q6ZMR3|LDH6A_HUMAN, sp|Q9BYZ2|LDH6B_HUMAN
LVINGNPITIFQER	K	D	14	2	1.0000	1	0.000000			sp|P04406|G3P_HUMAN		G3P_HUMAN	GAPDH	Glyceraldehyde-3-phosphate dehydrogenase		
MGVITVSGLAGLVSAR	K	K	16	2	1.0000	1	0.000000	1M(15.9949)		sp|Q6UXV4|MIC27_HUMAN		MIC27_HUMAN	APOOL	MIC		
MSGLIVGSAFGPIK	K	I	14	2	1.0000	1	0.000000	1M(15.9949)		sp|Q9UKN8|TF3C4_HUMAN		TF3C4_HUMAN	GTF3C4	General transcription factor 3C polypeptide 4		
MVGFIIGR	G	G	8	2	1.0000	1	0.000000	1M(15.9949)		sp|Q96AE4|FUBP1_HUMAN		FUBP1_HUMAN	FUBP1	Far upstream element-binding protein 1	FUBP3	sp|Q96I24|FUBP3_HUMAN
PVSSAASVYAGAGGSGSR	R	I	18	2	1.0000	1	0.000000			sp|P05783|K1C18_HUMAN		K1C18_HUMAN	KRT18	Keratin, type I cytoskeletal 18		
PVVSFIAGLTAPPGR	K	R	15	2	1.0000	1	0.000000			sp|P53597|SUCA_HUMAN		SUCA_HUMAN	SUCLG1	Succinate--CoA ligase [ADP/GDP-forming] subunit alpha, mitochondrial		
PYQYPALTPEQK	M	K	12	2	1.0000	2	0.000000			sp|P04075|ALDOA_HUMAN		ALDOA_HUMAN	ALDOA	Fructose-bisphosphate aldolase A		
QAQEYEALLNIK	R	V	12	2	1.0000	1	0.000000			sp|P05783|K1C18_HUMAN		K1C18_HUMAN	KRT18	Keratin, type I cytoskeletal 18		
QDEHGYISR	R	C	9	3	0.9557	1	0.000000			sp|P04792|HSPB1_HUMAN		HSPB1_HUMAN	HSPB1	Heat shock protein beta-1		
QHNSGPNSKPVVSFIAGLTAPPGR	K	R	24	3	1.0000	2	0.000000			sp|P53597|SUCA_HUMAN		SUCA_HUMAN	SUCLG1	Succinate--CoA ligase [ADP/GDP-forming] subunit alpha, mitochondrial		
QLLAGGIAGAVSR	R	T	13	2	1.0000	1	0.000000			sp|Q6NUK1|SCMC1_HUMAN		SCMC1_HUMAN	SLC25A24	Calcium-binding mitochondrial carrier protein SCaMC-1		
QSLGELIGTLNAAK	K	V	14	2	1.0000	1	0.000000			sp|P60174|TPIS_HUMAN		TPIS_HUMAN	TPI1	Triosephosphate isomerase		
QSSATSSFGGLGGGSVR	R	F	17	2	0.9995	1	0.000000			sp|P08727|K1C19_HUMAN		K1C19_HUMAN	KRT19	Keratin, type I cytoskeletal 19		
QVHPDTGISSK	K	A	11	2	1.0000	1	0.000000			sp|O60814|H2B1K_HUMAN		H2B1K_HUMAN	H2BC12	Histone H2B type 1-K	H2BC1, H2BC11, H2BC13, H2BC14, H2BC15, H2BC4, H2BFS, HIST1H2BB, HIST1H2BD, HIST1H2BH, HIST1H2BO, HIST2H2BE, HIST2H2BF, HIST3H2BB	sp|P06899|H2B1J_HUMAN, sp|P23527|H2B1O_HUMAN, sp|P33778|H2B1B_HUMAN, sp|P57053|H2BFS_HUMAN, sp|P58876|H2B1D_HUMAN, sp|P62807|H2B1C_HUMAN, sp|Q16778|H2B2E_HUMAN, sp|Q5QNW6|H2B2F_HUMAN, sp|Q8N257|H2B3B_HUMAN, sp|Q93079|H2B1H_HUMAN, sp|Q96A08|H2B1A_HUMAN, sp|Q99877|H2B1N_HUMAN, sp|Q99879|H2B1M_HUMAN, sp|Q99880|H2B1L_HUMAN
SDIGEVILVGGMTR	K	M	14	2	0.9925	1	0.000000	12M(15.9949)		sp|P38646|GRP75_HUMAN		GRP75_HUMAN	HSPA9	Stress-70 protein, mitochondrial		
SIVHPSYNSNTLNNDIMLIK	K	L	20	3	1.0000	1	0.000000	17M(15.9949)		Contaminant_TRYP_BOVIN						
SLGSVQAPSYGAR	R	P	13	2	1.0000	1	0.000000			sp|P05783|K1C18_HUMAN		K1C18_HUMAN	KRT18	Keratin, type I cytoskeletal 18		
SLLEGQEDHYNNLSASK	R	V	17	3	0.9972	1	0.000000			sp|P08727|K1C19_HUMAN		K1C19_HUMAN	KRT19	Keratin, type I cytoskeletal 19		
SMSGYLSGFQAR	K	N	12	2	1.0000	2	0.000000	2M(15.9949)		sp|Q9NZM3|ITSN2_HUMAN		ITSN2_HUMAN	ITSN2	Intersectin-2		
SNMDNMFESYINNLR	R	R	15	2	1.0000	2	0.000000	3M(15.9949), 6M(15.9949)		sp|P05787|K2C8_HUMAN		K2C8_HUMAN	KRT8	Keratin, type II cytoskeletal 8		
SPITIITTK	K	V	9	2	1.0000	1	0.000000			sp|P51610|HCFC1_HUMAN		HCFC1_HUMAN	HCFC1	Host cell factor 1		
SQIHDIVLVGGSTR	K	I	14	2	1.0000	1	0.000000			sp|P11142|HSP7C_HUMAN		HSP7C_HUMAN	HSPA8	Heat shock cognate 71 kDa protein		
SRAEAESMYQIK	R	Y	12	3	1.0000	1	0.000000	8M(15.9949)		sp|P05787|K2C8_HUMAN		K2C8_HUMAN	KRT8	Keratin, type II cytoskeletal 8		
SRLEQEIATYR	K	S	11	3	1.0000	1	0.000000			sp|P08727|K1C19_HUMAN		K1C19_HUMAN	KRT19	Keratin, type I cytoskeletal 19		
SSGPTSLFAVTVAPPGAR	K	Q	18	2	0.9967	1	0.000000			sp|Q00839|HNRPU_HUMAN		HNRPU_HUMAN	HNRNPU	Heterogeneous nuclear ribonucleoprotein U		
SSGPYGGGGQYFAKPR	R	N	16	3	1.0000	1	0.000000			sp|P09651|ROA1_HUMAN		ROA1_HUMAN	HNRNPA1	Heterogeneous nuclear ribonucleoprotein A1		
SSGTSYPDVLK	K	C	11	2	1.0000	1	0.000000			Contaminant_TRYP_BOVIN						
STFSTNYR	R	S	8	2	0.9908	1	0.000000			sp|P05783|K1C18_HUMAN		K1C18_HUMAN	KRT18	Keratin, type I cytoskeletal 18		
STGEPLGHVPAR	K	M	12	2	1.0000	1	0.000000			sp|Q93052|LPP_HUMAN		LPP_HUMAN	LPP	Lipoma-preferred partner		
STTTGHLIYK	K	C	10	2	1.0000	1	0.000000			sp|P68104|EF1A1_HUMAN		EF1A1_HUMAN	EEF1A1	Elongation factor 1-alpha 1	EEF1A1P5, EEF1A2	sp|Q05639|EF1A2_HUMAN, sp|Q5VTE0|EF1A3_HUMAN
SVDPTLALSVYLR	K	A	13	2	0.9738	1	0.000000			sp|Q00610|CLH1_HUMAN		CLH1_HUMAN	CLTC	Clathrin heavy chain 1		
SYLYFTQFK	K	A	9	2	0.9615	1	0.000000			sp|Q969H8|MYDGF_HUMAN		MYDGF_HUMAN	MYDGF	Myeloid-derived growth factor		
SYTSGPGSR	R	I	9	2	1.0000	1	0.000000			sp|P05787|K2C8_HUMAN		K2C8_HUMAN	KRT8	Keratin, type II cytoskeletal 8		
TAGTLFGEGFR	R	A	11	2	0.9981	1	0.000000			sp|Q5T9A4|ATD3B_HUMAN		ATD3B_HUMAN	ATAD3B	ATPase family AAA domain-containing protein 3B	ATAD3A	sp|Q9NVI7|ATD3A_HUMAN
TALIHDGLAR	K	G	10	2	0.9959	1	0.000000			sp|P25398|RS12_HUMAN		RS12_HUMAN	RPS12	40S ribosomal protein S12		
TATESFASDPILYRPVAVALDTK	R	G	23	3	0.9999	2	0.000000			sp|P14618|KPYM_HUMAN		KPYM_HUMAN	PKM	Pyruvate kinase PKM		
TATPQQAQEVHEK	K	L	13	3	1.0000	1	0.000000			sp|P60174|TPIS_HUMAN		TPIS_HUMAN	TPI1	Triosephosphate isomerase		
TAVETAVLLLR	K	I	11	2	1.0000	1	0.000000			sp|P49368|TCPG_HUMAN		TCPG_HUMAN	CCT3	T-complex protein 1 subunit gamma		
TEIIILATR	R	T	9	2	1.0000	1	0.000000			sp|P23396|RS3_HUMAN		RS3_HUMAN	RPS3	40S ribosomal protein S3		
TEMENEFVLIKK	R	D	12	3	1.0000	1	0.000000	3M(15.9949)		sp|P05787|K2C8_HUMAN		K2C8_HUMAN	KRT8	Keratin, type II cytoskeletal 8		
TFAPEEISAMVLTK	K	M	14	2	1.0000	2	0.000000	10M(15.9949)		sp|P11021|BIP_HUMAN		BIP_HUMAN	HSPA5	Endoplasmic reticulum chaperone BiP		
TFIAIKPDGVQR	R	G	12	2	1.0000	2	0.000000			sp|P15531|NDKA_HUMAN		NDKA_HUMAN	NME1	Nucleoside diphosphate kinase A	NME2	sp|P22392|NDKB_HUMAN
TFVNITPAEVGVLVGK	K	D	16	2	0.9976	1	0.000000			sp|P07737|PROF1_HUMAN		PROF1_HUMAN	PFN1	Profilin-1		
TGALLLQGFIQDR	K	A	13	2	1.0000	1	0.000000			sp|Q07812|BAX_HUMAN		BAX_HUMAN	BAX	Apoptosis regulator BAX		
TGLIDYNQLALTAR	K	L	14	2	1.0000	1	0.000000			sp|P34897|GLYM_HUMAN		GLYM_HUMAN	SHMT2	Serine hydroxymethyltransferase, mitochondrial		
TGPNLHGLFGR	K	K	11	2	1.0000	1	0.000000			sp|P99999|CYC_HUMAN		CYC_HUMAN	CYCS	Cytochrome c		
TGVAVNKPAEFTVDAK	K	H	16	2, 3	1.0000	2	0.000000			sp|P21333|FLNA_HUMAN		FLNA_HUMAN	FLNA	Filamin-A		
THAVLVALK	K	R	9	2	1.0000	1	0.000000			sp|P25786|PSA1_HUMAN		PSA1_HUMAN	PSMA1	Proteasome subunit alpha type-1		
THSDQFLVAFK	R	E	11	2	0.9990	1	0.000000			sp|P36542|ATPG_HUMAN		ATPG_HUMAN	ATP5F1C	ATP synthase subunit gamma, mitochondrial		
THYDPPR	R	K	7	2	0.9849	1	0.000000			sp|P31943|HNRH1_HUMAN		HNRH1_HUMAN	HNRNPH1	Heterogeneous nuclear ribonucleoprotein H	HNRNPH2	sp|P55795|HNRH2_HUMAN
TIEAEAAHGTVTR	K	H	13	2, 3	1.0000	2	0.000000			sp|P48735|IDHP_HUMAN		IDHP_HUMAN	IDH2	Isocitrate dehydrogenase [NADP], mitochondrial		
TIFQGIAAK	K	V	9	2	0.9849	1	0.000000			sp|P52209|6PGD_HUMAN		6PGD_HUMAN	PGD	6-phosphogluconate dehydrogenase, decarboxylating		
TIIFVETK	K	R	8	2	0.9971	1	0.000000			sp|Q92841|DDX17_HUMAN		DDX17_HUMAN	DDX17	Probable ATP-dependent RNA helicase DDX17		
TILPAAAQDVYYR	K	D	13	2	1.0000	1	0.000000			sp|P04843|RPN1_HUMAN		RPN1_HUMAN	RPN1	Dolichyl-diphosphooligosaccharide--protein glycosyltransferase subunit 1		
TINLYPLTNYTFGTK	R	E	15	2	0.9999	1	0.000000			sp|O43809|CPSF5_HUMAN		CPSF5_HUMAN	NUDT21	Cleavage and polyadenylation specificity factor subunit 5		
TKDGVVEITGK	K	H	11	2, 3	1.0000	2	0.000000			sp|P04792|HSPB1_HUMAN		HSPB1_HUMAN	HSPB1	Heat shock protein beta-1		
TKFETEQALR	R	M	10	3	1.0000	1	0.000000			sp|P08727|K1C19_HUMAN		K1C19_HUMAN	KRT19	Keratin, type I cytoskeletal 19	KRT17	sp|Q04695|K1C17_HUMAN
TKPYIQVDIGGGQTK	K	T	15	2	0.9988	1	0.000000			sp|P11021|BIP_HUMAN		BIP_HUMAN	HSPA5	Endoplasmic reticulum chaperone BiP		
TKTEISEMNR	R	N	10	2, 3	1.0000	2	0.000000	8M(15.9949)		sp|P05787|K2C8_HUMAN		K2C8_HUMAN	KRT8	Keratin, type II cytoskeletal 8		
TLMNLGGLAVAR	R	D	12	2	1.0000	1	0.000000	3M(15.9949)		sp|P37802|TAGL2_HUMAN		TAGL2_HUMAN	TAGLN2	Transgelin-2		
TLQGLEIELQSQLSMK	R	A	16	3	1.0000	1	0.000000	15M(15.9949)		sp|P08727|K1C19_HUMAN		K1C19_HUMAN	KRT19	Keratin, type I cytoskeletal 19	KRT13	sp|P13646|K1C13_HUMAN
TLVLLDNLNVR	R	E	11	2	1.0000	1	0.000000			sp|P39656|OST48_HUMAN		OST48_HUMAN	DDOST	Dolichyl-diphosphooligosaccharide--protein glycosyltransferase 48 kDa subunit		
TLVLLMGK	K	E	8	2	0.9965	1	0.000000	6M(15.9949)		sp|P07737|PROF1_HUMAN		PROF1_HUMAN	PFN1	Profilin-1		
TLVYGGIFLYPANK	R	K	14	2	0.9997	1	0.000000			sp|P09467|F16P1_HUMAN		F16P1_HUMAN	FBP1	Fructose-1,6-bisphosphatase 1		
TLYFADTYLK	R	D	10	2	1.0000	1	0.000000			sp|Q6P1M3|L2GL2_HUMAN		L2GL2_HUMAN	LLGL2	LLGL scribble cell polarity complex component 2		
TMAVTPGTTTLPATVK	K	V	16	2	0.9772	1	0.000000	2M(15.9949)		sp|P51610|HCFC1_HUMAN		HCFC1_HUMAN	HCFC1	Host cell factor 1		
TPFLLSGTSYK	R	D	11	2	1.0000	1	0.000000			sp|P55084|ECHB_HUMAN		ECHB_HUMAN	HADHB	Trifunctional enzyme subunit beta, mitochondrial		
TPVEPEVAIHR	K	I	11	2, 3	1.0000	2	0.000000			sp|P60866|RS20_HUMAN		RS20_HUMAN	RPS20	40S ribosomal protein S20		
TQIDHYVGIAR	K	D	11	2	0.9971	1	0.000000			sp|O95197|RTN3_HUMAN		RTN3_HUMAN	RTN3	Reticulon-3		
TQNTVIVNGVAMASR	M	P	15	3	0.9765	1	0.000000	12M(15.9949)		sp|Q3YBM2|T176B_HUMAN		T176B_HUMAN	TMEM176B	Transmembrane protein 176B		
TSFFQALGITTK	K	I	12	2	1.0000	1	0.000000			sp|P05388|RLA0_HUMAN		RLA0_HUMAN	RPLP0	60S acidic ribosomal protein P0	RPLP0P6	sp|Q8NHW5|RLA0L_HUMAN
TSIAIDTIINQK	K	R	12	2	1.0000	1	0.000000			sp|P25705|ATPA_HUMAN		ATPA_HUMAN	ATP5F1A	ATP synthase subunit alpha, mitochondrial		
TSILAAANPISGHYDR	R	S	16	2	0.9799	1	0.000000			sp|Q14566|MCM6_HUMAN		MCM6_HUMAN	MCM6	DNA replication licensing factor MCM6		
TTPSYVAFTDTER	R	L	13	2	0.9762	1	0.000000			sp|P0DMV8|HS71A_HUMAN		HS71A_HUMAN	HSPA1A	Heat shock 70 kDa protein 1A	HSPA1B, HSPA1L, HSPA2, HSPA6, HSPA7, HSPA8	sp|P0DMV9|HS71B_HUMAN, sp|P11142|HSP7C_HUMAN, sp|P17066|HSP76_HUMAN, sp|P34931|HS71L_HUMAN, sp|P48741|HSP77_HUMAN, sp|P54652|HSP72_HUMAN
TVAGQDAVIVLLGTR	K	N	15	2	1.0000	2	0.000000			sp|P30043|BLVRB_HUMAN		BLVRB_HUMAN	BLVRB	Flavin reductase (NADPH)		
TVTAMDVVYALK	K	R	12	2	1.0000	2	0.000000	5M(15.9949)		sp|P62805|H4_HUMAN		H4_HUMAN	H4C1	Histone H4		
TVTATFGYPFR	K	L	11	2	1.0000	2	0.000000			sp|Q16563|SYPL1_HUMAN		SYPL1_HUMAN	SYPL1	Synaptophysin-like protein 1		
TVTVTRPTGVSFK	K	K	13	2	1.0000	1	0.000000			sp|A5YKK6|CNOT1_HUMAN		CNOT1_HUMAN	CNOT1	CCR4-NOT transcription complex subunit 1		
TYFTDKK	K	T	7	2	0.9944	1	0.000000			sp|P27824|CALX_HUMAN		CALX_HUMAN	CANX	Calnexin		
TYHALSNLPK	K	A	10	2	1.0000	1	0.000000			sp|O00231|PSD11_HUMAN		PSD11_HUMAN	PSMD11	26S proteasome non-ATPase regulatory subunit 11		
VALTGLTVAEYFR	R	D	13	2	1.0000	2	0.000000			sp|P06576|ATPB_HUMAN		ATPB_HUMAN	ATP5F1B	ATP synthase subunit beta, mitochondrial		
VGSHITGGDIYGIVSENSLIK	R	H	21	3	0.9790	1	0.000000			sp|P38606|VATA_HUMAN		VATA_HUMAN	ATP6V1A	V-type proton ATPase catalytic subunit A		
VIGTLLGTVDK	R	H	11	2	1.0000	1	0.000000			sp|O00303|EIF3F_HUMAN		EIF3F_HUMAN	EIF3F	Eukaryotic translation initiation factor 3 subunit F		
VKLEAEIATYR	K	R	11	2	1.0000	1	0.000000			sp|P05783|K1C18_HUMAN		K1C18_HUMAN	KRT18	Keratin, type I cytoskeletal 18		
VPDGMVGFIIGR	K	G	12	2	1.0000	1	0.000000	5M(15.9949)		sp|Q96AE4|FUBP1_HUMAN		FUBP1_HUMAN	FUBP1	Far upstream element-binding protein 1		
VPDGMVGLIIGR	R	G	12	2	1.0000	1	0.000000	5M(15.9949)		sp|Q92945|FUBP2_HUMAN		FUBP2_HUMAN	KHSRP	Far upstream element-binding protein 2		
VSFELFADKVPK	R	T	12	2	1.0000	1	0.000000			sp|P62937|PPIA_HUMAN		PPIA_HUMAN	PPIA	Peptidyl-prolyl cis-trans isomerase A		
VSLDVNHFAPDELTVK	R	T	16	2, 3	1.0000	2	0.000000			sp|P04792|HSPB1_HUMAN		HSPB1_HUMAN	HSPB1	Heat shock protein beta-1		
YALYDATYETK	R	E	11	2	0.9929	1	0.000000			sp|P23528|COF1_HUMAN		COF1_HUMAN	CFL1	Cofilin-1	CFL2	sp|Q9Y281|COF2_HUMAN
YGLIYHASLVGQTSPK	K	H	16	2, 3	1.0000	2	0.000000			sp|Q9Y2X3|NOP58_HUMAN		NOP58_HUMAN	NOP58	Nucleolar protein 58		
YILVTGGVISGIGK	K	G	14	2	1.0000	1	0.000000			sp|P17812|PYRG1_HUMAN		PYRG1_HUMAN	CTPS1	CTP synthase 1	CTPS2	sp|Q9NRF8|PYRG2_HUMAN
